VERISK ANALYTICS INC,"https://www.glassdoor.com/Overview/Working-at-Verisk-Analytics-EI_IE140233.11,27.htm"
VERTEX PHARMACEUTICALS INC,"https://www.glassdoor.com/Overview/Working-at-Vertex-Pharmaceuticals-EI_IE2080.11,33.htm"
VERSUM MATERIALS INC,"https://www.glassdoor.com/Overview/Working-at-Versum-Materials-EI_IE1409914.11,27.htm"
VIAD CORP,"https://www.glassdoor.com/Overview/Working-at-Viad-EI_IE300.11,15.htm"
VIASAT INC,"https://www.glassdoor.com/Overview/Working-at-ViaSat-EI_IE5500.11,17.htm"
VIACOM INC,"https://www.glassdoor.com/Overview/Working-at-Viacom-EI_IE40260.11,17.htm"
VIAVI SOLUTIONS INC,"https://www.glassdoor.com/Overview/Working-at-Viavi-Solutions-EI_IE1053141.11,26.htm"
VICOR CORP,"https://www.glassdoor.com/Overview/Working-at-Vicor-Corp-EI_IE2017.11,21.htm"
VIRGIN AMERICA INC,"https://www.glassdoor.com/Overview/Working-at-Virgin-America-EI_IE35336.11,25.htm"
VISA INC,"https://www.glassdoor.com/Overview/Working-at-Visa-Inc-EI_IE3035.11,19.htm"
VIRTUSA CORP,"https://www.glassdoor.com/Overview/Working-at-Virtusa-EI_IE29396.11,18.htm"
VIRTUS INVESTMENT PARTNERS I,"https://www.glassdoor.com/Overview/Working-at-Virtus-Investment-Partners-EI_IE3552.11,37.htm"
VISHAY INTERTECHNOLOGY INC,"https://www.glassdoor.com/Overview/Working-at-Vishay-Siliconix-EI_IE706.11,27.htm"
VISHAY PRECISION GROUP INC,"https://www.glassdoor.com/Overview/Working-at-Vishay-Precision-EI_IE354540.11,27.htm"
VISTA OUTDOOR INC,"https://www.glassdoor.com/Overview/Working-at-Vista-Outdoor-EI_IE992811.11,24.htm"
VISTEON CORP,"https://www.glassdoor.com/Overview/Working-at-Visteon-EI_IE8638.11,18.htm"
VITAMIN SHOPPE INC,"https://www.glassdoor.com/Overview/Working-at-Vitamin-Shoppe-EI_IE9653.11,25.htm"
VMWARE INC,"https://www.glassdoor.com/Overview/Working-at-VMware-EI_IE12830.11,17.htm"
VOLT INFORMATION SCIENCES IN,"https://www.glassdoor.com/Overview/Working-at-Volt-Information-Sciences-EI_IE2018.11,36.htm"
VORNADO REALTY TRUST,"https://www.glassdoor.com/Overview/Working-at-Vornado-Realty-EI_IE708.11,25.htm"
VOYA FINANCIAL INC,"https://www.glassdoor.com/Overview/Working-at-Voya-Financial-EI_IE816322.11,25.htm"
VULCAN MATERIALS CO,"https://www.glassdoor.com/Overview/Working-at-Vulcan-Materials-EI_IE709.11,27.htm"
WD-40 CO,"https://www.glassdoor.com/Overview/Working-at-WD-40-Company-EI_IE2021.11,24.htm"
WGL HOLDINGS INC,"https://www.glassdoor.com/Overview/Working-at-WGL-Holdings-EI_IE719.11,23.htm"
WABCO HOLDINGS INC,"https://www.glassdoor.com/Overview/Working-at-WABCO-EI_IE43272.11,16.htm"
WEC ENERGY GROUP INC,"https://www.glassdoor.com/Overview/Working-at-WEC-Energy-Group-EI_IE1103041.11,27.htm"
WABASH NATIONAL CORP,"https://www.glassdoor.com/Overview/Working-at-Wabash-National-EI_IE2009.11,26.htm"
WESTINGHOUSE AIR BRAKE TECHN,"https://www.glassdoor.com/Overview/Working-at-Wabash-National-EI_IE2009.11,26.htm"
WADDELL & REED FINANCIAL INC,"https://www.glassdoor.com/Overview/Working-at-Waddell-and-Reed-EI_IE7617.11,27.htm"
WAL MART STORES INC,"https://www.glassdoor.com/Overview/Working-at-Walmart-EI_IE715.11,18.htm"
WALGREENS BOOTS ALLIANCE INC,"https://www.glassdoor.com/Overview/Working-at-Walgreens-EI_IE716.11,20.htm"
WASHINGTON FEDERAL INC,"https://www.glassdoor.com/Overview/Working-at-Washington-Federal-EI_IE2025.11,29.htm"
WASHINGTON PRIME GROUP INC,"https://www.glassdoor.com/Overview/Working-at-Washington-Prime-Group-EI_IE1424507.11,33.htm"
WASHINGTON REAL ESTATE INVES,"https://www.glassdoor.com/Overview/Working-at-Washington-REIT-EI_IE1059.11,26.htm"
WASHINGTON TRUST BANCORP INC,"https://www.glassdoor.com/Overview/Working-at-Washington-Trust-Bank-EI_IE247537.11,32.htm"
WASTE MANAGEMENT INC,"https://www.glassdoor.com/Overview/Working-at-Waste-Management-EI_IE2094.11,27.htm"
WATERS CORP,"https://www.glassdoor.com/Overview/Working-at-Waters-EI_IE5431.11,17.htm"
WATSCO INC,"https://www.glassdoor.com/Overview/Working-at-Watsco-EI_IE1060.11,17.htm"
WATTS WATER TECHNOLOGIES INC,"https://www.glassdoor.com/Overview/Working-at-Watts-Water-Technologies-EI_IE2030.11,35.htm"
WEB.COM GROUP INC,"https://www.glassdoor.com/Overview/Working-at-Web-com-Inc-EI_IE12965.11,22.htm"
WEBMD HEALTH CORP,"https://www.glassdoor.com/Overview/Working-at-WebMD-Health-EI_IE38258.11,23.htm"
WEBSTER FINANCIAL CORP,"https://www.glassdoor.com/Overview/Working-at-Webster-Financial-EI_IE2032.11,28.htm"
WEIGHT WATCHERS INTERNATIONA,"https://www.glassdoor.com/Overview/Working-at-Weight-Watchers-EI_IE6970.11,26.htm"
WEINGARTEN REALTY INVESTORS,"https://www.glassdoor.com/Overview/Working-at-Weingarten-Realty-EI_IE723.11,28.htm"
WELLCARE HEALTH PLANS INC,"https://www.glassdoor.com/Overview/Working-at-WellCare-EI_IE34976.11,19.htm"
WELLS FARGO & CO,"https://www.glassdoor.com/Overview/Working-at-Wells-Fargo-EI_IE8876.11,22.htm"
WELLTOWER INC,"https://www.glassdoor.com/Overview/Working-at-Welltower-EI_IE1166198.11,20.htm"
WENDYS CO,"https://www.glassdoor.com/Overview/Working-at-Wendy-s-EI_IE728.11,18.htm"
WERNER ENTERPRISES INC,"https://www.glassdoor.com/Overview/Working-at-Werner-Enterprises-EI_IE2034.11,29.htm"
WESBANCO INC,"https://www.glassdoor.com/Overview/Working-at-WesBanco-EI_IE2035.11,19.htm"
WESCO INTERNATIONAL INC,"https://www.glassdoor.com/Overview/Working-at-WESCO-International-EI_IE7599.11,30.htm"
WEST CORP,"https://www.glassdoor.com/Overview/Working-at-West-Corporation-EI_IE6504.11,27.htm"
WEST PHARMACEUTICAL SERVICES,"https://www.glassdoor.com/Overview/Working-at-West-Pharmaceutical-Services-EI_IE729.11,39.htm"
WESTAMERICA BANCORP,"https://www.glassdoor.com/Overview/Working-at-Westamerica-EI_IE1065.11,22.htm"
WESTAR ENERGY INC,"https://www.glassdoor.com/Overview/Working-at-Westar-Energy-EI_IE374.11,24.htm"
WESTERN ALLIANCE BANCORP,"https://www.glassdoor.com/Overview/Working-at-Western-Alliance-Bank-EI_IE38157.11,32.htm"
WESTERN DIGITAL CORP,"https://www.glassdoor.com/Overview/Working-at-Western-Digital-EI_IE1067.11,26.htm"
